"Name","Cat","Lic","Type","PromptChars","Videos","CF","Mux","HLS","Framer","GSAP","Three","Shadcn","Lucide","Vite","Next","React","TW","TS","Auto","Loop","Mute","Scroll","Mouse","Marquee","Glass","D3","Fonts"
"Aethera_Studio","Hero Section","Free","hero","3170","1","1","0","False","False","False","False","False","False","True","False","True","True","True","False","True","False","False","False","False","True","False","Inter,Instrument Serif"
"AI_Automation_Hero","AI / SaaS","Premium","hero","2694","1","0","2","True","True","False","False","False","True","False","False","True","False","False","True","True","True","False","False","False","False","False",""
"AI_Designer_Agency","Landing Page","Premium","landing-page","7395","2","1","2","True","True","False","False","False","False","False","False","True","True","False","True","True","True","True","False","False","True","True","Instrument Serif,Barlow"
"AI_Designer_Portfolio","Landing Page","Free","landing-page","3589","0","0","0","False","False","False","False","False","True","True","False","True","True","True","False","True","True","True","True","True","False","False","Inter"
"AKOR_Security","Landing Page","Premium","landing-page","5452","2","6","0","False","False","False","False","False","False","False","False","True","True","False","True","True","True","False","False","False","False","False",""
"Apex_SaaS","SaaS","Premium","hero","5288","1","1","0","False","False","False","False","False","True","False","False","True","True","True","True","True","True","False","False","True","True","True","Inter,Geist"
"Asme","Hero Section","Premium","hero","4361","1","1","0","False","False","False","False","False","True","True","False","True","True","True","True","True","True","False","False","False","True","True","Inter,Instrument Serif"
"Automation_Machines","Hero Section","Premium","hero","7407","0","0","0","False","True","False","False","False","True","True","False","True","True","False","False","False","True","True","True","False","False","True","Inter,Instrument Serif,Space Grotesk"
"Bionova_Biotech","SaaS","Premium","hero","3903","3","0","6","True","False","False","False","False","False","False","False","False","False","False","True","True","True","True","False","False","True","False","Poppins"
"Bloom_AI","Hero Section","Free","hero","3901","1","1","0","False","False","False","False","False","True","False","False","True","False","False","True","True","True","False","False","False","True","True","Inter,Poppins"
"Bold_Portfolio_Hero","Portfolio","Premium","hero","2872","0","0","0","False","False","False","False","False","False","False","False","True","True","False","False","False","False","False","False","False","False","False","Inter"
"Buzzentic_Agency","Agency","Premium","hero","2081","1","1","0","False","False","False","False","False","False","False","False","True","True","False","True","True","True","False","False","False","True","False","Inter,Instrument Serif,Barlow"
"ClearInvoice_SaaS_Hero","SaaS","Premium","hero","2079","1","0","3","True","True","False","False","False","True","True","False","True","True","False","True","True","True","False","False","False","True","False","Geist"
"ClubX_Investors","Landing Page","Premium","landing-page","2862","1","1","0","False","False","False","False","False","False","False","False","False","False","False","True","True","True","False","True","False","False","False","Inter"
"CodeNest_Coding_Platform","Landing Page","Premium","hero","2582","1","0","2","True","False","False","False","False","True","False","False","True","True","False","False","False","False","False","False","False","True","False","Inter,Instrument Serif,Plus Jakarta"
"Dark_Portfolio_Hero","Portfolio","Premium","landing-page","5527","1","0","2","False","True","True","False","False","False","False","True","False","True","True","True","True","True","True","False","False","True","False","Inter,Instrument Serif"
"Datacore_Booking","SaaS","Free","hero","2827","1","1","0","False","False","False","False","False","False","False","False","True","True","False","True","True","False","False","False","False","True","False","Inter,Instrument Serif,Manrope"
"Datacore_SaaS_Hero","SaaS","Premium","hero","2661","1","0","3","True","False","False","False","False","True","False","False","True","True","False","True","True","False","False","False","False","True","False","Inter,Instrument Serif,Manrope"
"DesignPro_Academy","Hero Section","Free","hero","3039","1","1","0","False","True","False","False","False","True","True","False","True","True","True","True","True","True","False","False","False","False","False","Inter"
"Digitwist_AI_Builder","SaaS","Free","hero","375","2","0","0","True","False","False","False","False","True","False","False","True","False","False","False","False","False","False","False","False","False","False",""
"E-commerce_Website","Landing Page","Premium","landing-page","5131","0","0","0","False","False","False","False","True","True","True","False","True","True","True","False","True","True","True","False","True","False","False",""
"EVR_Ventures","Hero Section","Premium","hero","4266","1","1","0","False","True","False","False","False","False","False","False","False","False","False","True","True","True","True","False","True","False","False","Geist"
"Finlytic_AI_Agent","SaaS","Premium","hero","3117","1","1","0","False","False","False","False","False","False","False","False","False","False","False","True","True","True","False","False","False","True","False","Inter,Instrument Serif,Manrope"
"Framelix_3D_Studios","Agency","Premium","landing-page","2978","2","2","0","False","True","False","False","False","False","False","False","True","True","True","True","True","True","True","False","True","False","True","Inter"
"Glassmorphism_Agency_Hero","Agency","Premium","hero","3340","0","0","1","True","True","False","False","False","True","True","False","True","True","False","False","False","False","True","False","False","True","False",""
"Grow_AI_Talent_Platform","SaaS","Premium","hero","5488","1","1","0","False","False","False","False","True","False","True","False","True","True","True","True","True","True","True","False","True","True","True","Inter,Geist"
"HR_SaaS_Hero","SaaS","Premium","hero","2199","1","1","0","False","False","False","False","False","False","False","False","True","True","False","False","False","False","False","False","False","False","False","Inter,Instrument Serif,Geist"
"Investor_Deck","Investor Presentations","Premium","landing-page","10865","5","0","10","True","True","False","False","False","False","False","False","True","True","False","True","True","True","False","False","False","True","False","Inter"
"Liquid_Glass_Agency","Landing Page","Premium","landing-page","8539","4","1","6","True","True","False","False","True","True","True","False","True","True","True","True","True","True","True","False","False","True","True","Inter,Instrument Serif,Barlow"
"Loader_Animation","Component","Premium","hero","3314","0","0","0","False","True","False","False","False","False","False","True","True","False","True","False","True","True","False","False","False","False","False","Inter,Instrument Serif"
"Logoisum_Video_Agency","Agency","Premium","hero","1566","1","1","0","False","False","False","False","False","False","False","False","False","False","False","True","True","True","False","False","False","False","False","Instrument Serif,Barlow"
"Mindloop_Landing","Landing Page","Free","landing-page","7243","4","3","2","True","True","False","False","True","True","True","False","True","True","True","True","True","True","True","False","False","True","False","Inter,Instrument Serif"
"Mindloop","SaaS","Premium","hero","2950","5","1","0","False","False","False","False","False","False","False","False","False","False","False","True","True","True","False","False","False","True","False","Inter,Instrument Serif"
"NeoVision","Landing Page","Premium","landing-page","8540","2","2","0","False","False","False","False","False","True","True","False","True","True","True","True","True","True","False","False","False","False","False","Inter"
"Neuralyn","SaaS","Free","hero","5258","1","1","0","False","True","False","False","True","False","True","False","True","True","True","False","False","True","True","False","False","True","True","Inter,Instrument Serif"
"New_Era_Automotive_Hero","Automotive","Premium","hero","2689","1","1","0","False","False","False","False","False","False","False","False","True","True","False","True","True","True","False","False","False","False","False","Inter"
"New_Era_Bold_Hero","Agency","Premium","hero","1664","1","1","0","False","False","False","False","False","False","False","False","True","True","False","True","True","True","False","False","False","False","False","Inter"
"Nexora_Automation","SaaS","Free","hero","5345","1","1","0","False","True","False","False","True","True","False","False","True","True","False","True","True","True","True","False","False","True","False","Inter,Instrument Serif"
"Nexus_IT_Solutions","Hero Section","Premium","hero","2271","1","1","0","False","False","False","False","False","False","False","False","True","True","True","True","True","True","False","False","False","False","False","Inter"
"Nickel_Payments","SaaS","Premium","hero","2662","1","1","0","False","False","False","False","True","False","False","False","True","True","False","True","True","True","False","False","False","False","False","Inter"
"NOVA_Space_Systems","Landing Page","Premium","landing-page","5107","2","3","0","False","False","False","False","True","True","True","False","True","True","True","True","True","True","True","False","False","False","False","Space Grotesk"
"Orbis_NFT","Landing Page","Premium","landing-page","8277","6","6","0","False","False","False","False","False","True","True","False","True","True","True","True","True","True","False","False","False","True","True","Inter"
"Orbit_Engineers","Agency","Premium","landing-page","5514","3","3","0","False","True","False","False","False","True","False","False","True","True","False","True","True","True","True","True","False","False","False","Inter"
"Orbit_Web3","Web3","Premium","hero","3218","1","1","0","False","False","False","False","False","True","False","False","False","False","False","True","True","True","True","False","True","False","False","Inter,Instrument Serif"
"Planet_Orbit","SaaS","Premium","hero","3225","1","1","0","False","False","False","False","False","False","False","False","False","False","False","True","True","True","True","False","True","True","False","Geist"
"Portfolio_Cosmic","Portfolio","Free","hero","8254","1","0","2","True","True","True","False","False","False","True","False","True","True","True","True","True","True","True","False","True","True","True","Inter,Instrument Serif"
"Power_AI","Hero Section","Free","hero","3839","1","1","0","False","False","False","False","False","False","False","False","False","False","False","False","True","False","True","False","True","True","False","Inter,Geist"
"Price_Calculator","SaaS","Free","hero","3169","0","0","0","False","False","False","False","True","False","False","False","False","False","False","False","False","True","False","False","False","False","False",""
"Railroad.ai","Hero Section","Premium","hero","3914","1","1","0","False","True","False","False","True","True","True","False","True","True","True","True","True","True","False","False","False","True","False","Inter,Barlow"
"SkyElite_Private_Jets","Landing Page","Free","hero","2286","1","1","0","False","False","False","False","False","True","False","False","True","True","True","True","True","True","False","False","False","False","False","Inter"
"Space_Voyage","Landing Page","Premium","hero","5750","2","2","0","False","True","False","False","False","True","True","False","True","True","True","True","True","True","False","False","False","True","False","Inter,Instrument Serif,Barlow"
"Stellar_AI","Hero Section","Free","hero","3974","1","1","0","False","False","False","False","False","True","False","False","True","True","False","True","True","True","False","False","False","False","False","Inter"
"Synapse_Dark_Hero","SaaS","Premium","hero","1609","1","0","3","True","True","False","False","False","False","False","False","True","True","False","True","True","True","False","False","True","True","False",""
"Sync_AI","Hero Section","Premium","hero","6208","1","1","0","False","False","False","False","False","True","False","False","True","True","True","True","True","True","True","False","False","True","False","Inter"
"Targo_Logistics_Hero","SaaS","Premium","hero","2163","1","1","0","False","False","False","False","False","True","False","False","True","True","False","False","True","True","False","False","False","True","True",""
"Taskly","Hero Section","Free","hero","2466","1","0","0","False","False","False","False","False","False","False","False","False","False","False","True","True","True","False","False","False","True","False","Inter"
"Taskora_SaaS_Hero","SaaS","Premium","hero","2749","1","1","0","False","True","False","False","False","False","False","False","True","True","False","False","True","False","True","False","False","True","False","Inter,Instrument Serif,Manrope"
"Terra_Geo_Map","SaaS","Premium","hero","2619","1","1","0","False","False","False","False","False","True","False","False","True","False","False","True","True","True","False","False","False","False","True","Inter"
"Transform_Data","Hero Section","Premium","hero","3606","1","1","0","False","False","False","False","False","False","False","False","False","False","False","False","True","False","False","False","False","False","True","Inter"
"Velorah","Agency","Free","hero","3789","1","1","0","False","False","False","False","True","False","True","False","True","True","True","True","True","True","False","True","False","True","False","Inter,Instrument Serif"
"Viktor_Portfolio","Portfolio","Premium","landing-page","2694","2","2","0","False","True","False","False","False","True","False","False","True","True","False","False","True","True","False","False","False","True","False","Inter,Space Grotesk"
"Wealth_Video_Hero","Fintech","Premium","hero","2022","1","1","0","False","False","False","False","False","False","False","False","True","True","False","True","True","True","False","False","False","True","False",""
"Web3_EOS_Hero","Web3","Premium","hero","3113","1","1","0","False","False","False","False","False","False","False","False","False","False","False","True","True","True","False","False","False","False","False",""
"Weblex_Dark_Hero","Landing Page","Premium","hero","2548","1","1","0","False","False","False","False","False","True","False","False","True","True","True","True","True","True","False","False","False","False","False",""
"xPortfolio_Hero","Hero Section","Premium","hero","2875","1","1","0","False","False","False","False","False","True","False","False","True","True","False","True","True","True","True","False","False","False","False","Inter"
